{
  "project_info": {
    "project_number": "181850845437",
    "project_id": "todoapp-72ec5",
    "storage_bucket": "todoapp-72ec5.firebasestorage.app"
  },
  "client": [
    {
      "client_info": {
        "mobilesdk_app_id": "1:181850845437:android:d4604258b402264e340e94",
        "android_client_info": {
          "package_name": "com.example.todoapp"
        }
      },
      "oauth_client": [],
      "api_key": [
        {
          "current_key": "AIzaSyDE1j9KWI4CLYtRRN87X3ZTyVMtbZhFr1Y"
        }
      ],
      "services": {
        "appinvite_service": {
          "other_platform_oauth_client": []
        }
      }
    }
  ],
  "configuration_version": "1"
}